[{"id":"user-image-HMMGraph.svg.png","publicUrl":"np://user.desktop.nicepage.com/Site_49286883/images/HMMGraph.svg.png","size":127087,"hash":"5m3dpoU6D3+cTXgRAVX+JHYDS/E=","fileName":"HMMGraph.svg.png","name":"HMMGraph.svg","width":1920,"height":1481,"thumbnail":{"url":"np://user.desktop.nicepage.com/Site_49286883/images/thumbnails/HMMGraph.svg.png","width":250,"height":193},"usages":["284315671"]},{"id":"user-image-lstm-2.svg","publicUrl":"np://user.desktop.nicepage.com/Site_49286883/images/lstm-2.svg","size":204162,"hash":"SD6c0BWRuV5KRo/ktV93SWO1wgA=","fileName":"lstm-2.svg","name":"lstm-2","width":518,"height":268,"thumbnail":{"url":"np://user.desktop.nicepage.com/Site_49286883/images/lstm-2.svg","width":250,"height":129},"usages":["284315671"]},{"id":"user-image-UCSanDiegoLogo-BlueGold.png","publicUrl":"np://user.desktop.nicepage.com/Site_49286883/images/UCSanDiegoLogo-BlueGold.png","size":18460,"hash":"66/1dqRs7VBkL+h2pwoumdzOk98=","fileName":"UCSanDiegoLogo-BlueGold.png","name":"UCSanDiegoLogo-BlueGold","width":1204,"height":229,"thumbnail":{"url":"np://user.desktop.nicepage.com/Site_49286883/images/thumbnails/UCSanDiegoLogo-BlueGold.png","width":250,"height":48},"usages":[]},{"id":"user-image-UCSanDiego_Halicioglu_BlueGold.png","publicUrl":"np://user.desktop.nicepage.com/Site_49286883/images/UCSanDiego_Halicioglu_BlueGold.png","size":30169,"hash":"g9uJPH+MkLErUkrkRQ4pYVEdRLw=","fileName":"UCSanDiego_Halicioglu_BlueGold.png","name":"UCSanDiego_Halicioglu_BlueGold","width":1531,"height":331,"thumbnail":{"url":"np://user.desktop.nicepage.com/Site_49286883/images/thumbnails/UCSanDiego_Halicioglu_BlueGold.png","width":250,"height":54},"usages":["284315671"]},{"id":"user-image-1920-003-Brand-ZoomBG-Trident1.jpg","publicUrl":"np://user.desktop.nicepage.com/Site_49286883/images/1920-003-Brand-ZoomBG-Trident1.jpg","size":59990,"hash":"L6j+eLpkJGZEla1N+o+HiHGQx14=","fileName":"1920-003-Brand-ZoomBG-Trident1.jpg","name":"1920-003-Brand-ZoomBG-Trident1","width":1920,"height":1080,"thumbnail":{"url":"np://user.desktop.nicepage.com/Site_49286883/images/thumbnails/1920-003-Brand-ZoomBG-Trident1.jpg","width":250,"height":141},"usages":["680816212"]},{"id":"user-image-langrun.jpg","publicUrl":"np://user.desktop.nicepage.com/Site_49286883/images/langrun.jpg","size":577399,"hash":"lXGYxlHCJQJhnsZ6AAOa2+lu8Is=","fileName":"langrun.jpg","name":"langrun","width":1920,"height":1920,"thumbnail":{"url":"np://user.desktop.nicepage.com/Site_49286883/images/thumbnails/langrun.jpg","width":250,"height":250},"usages":["647216043"]},{"id":"user-image-zeming.jpg","publicUrl":"np://user.desktop.nicepage.com/Site_49286883/images/zeming.jpg","size":117894,"hash":"Qm4+iRGWkeyjxcQq6Sconnw5sWk=","fileName":"zeming.jpg","name":"zeming","width":395,"height":539,"thumbnail":{"url":"np://user.desktop.nicepage.com/Site_49286883/images/thumbnails/zeming.jpg","width":183,"height":250},"usages":["647216043"]},{"id":"user-image-output1.png","publicUrl":"np://user.desktop.nicepage.com/Site_49286883/images/output1.png","size":17136,"hash":"bksfXSxkwOKQgErr9Hxp1n6x/3s=","fileName":"output1.png","name":"output1","width":1029,"height":303,"thumbnail":{"url":"np://user.desktop.nicepage.com/Site_49286883/images/thumbnails/output1.png","width":250,"height":74},"usages":["284315671"]},{"id":"user-image-output2.png","publicUrl":"np://user.desktop.nicepage.com/Site_49286883/images/output2.png","size":25683,"hash":"luZ4kpBthqKgITnagSY2NyssikQ=","fileName":"output2.png","name":"output2","width":1114,"height":316,"thumbnail":{"url":"np://user.desktop.nicepage.com/Site_49286883/images/thumbnails/output2.png","width":250,"height":71},"usages":["284315671"]}]